Party,Country,Product,LineOfBusiness,ClassOfBusiness,OSFI,Member Product/Program
Apollo,Canada,Homeowners,Personal Property,Property,0010,Personal Property
Apollo,Canada,Homeowners,Personal Property,Property,0010,Personal Property
Apollo,Canada,Homeowners,Earthquake,Property,0010,Personal Property
Apollo,Canada,Homeowners,Flood,Property,0010,Personal Property
Apollo,Canada,Homeowners,Personal Liability,Liability,0340,Personal Property
Apollo,Canada,Homeowners,Personal Liability,Liability,0340,Personal Property
Apollo,Canada,Homeowners,Personal Property,Property,0010,Personal Property
Apollo,Canada,Homeowners,Earthquake,Property,0010,Personal Property
Apollo,Canada,Homeowners,Flood,Property,0010,Personal Property
Apollo,Canada,Homeowners,Personal Liability,Liability,0340,Personal Property
Apollo,Canada,Homeowners,Personal Property,Property,0010,Personal Property
Apollo,Canada,Homeowners,Personal Liability,Liability,0340,Personal Property
